INSERT INTO Customer VALUES 
(10000001, 'Alice', 'F', 'alice@mail.com', '5551234567', '123 Main St', 25),
(10000002, 'Bob', 'M', 'bob@mail.com', '5552345678', '456 Oak St', 30),
(10000003, 'Carol', 'F', 'carol@mail.com', '5553456789', '789 Pine St', 22),
(10000004, 'David', 'M', 'david@mail.com', '5554567890', '135 Elm St', 28),
(10000005, 'Eve', 'F', 'eve@mail.com', '5555678901', '246 Maple St', 26),
(10000006, 'Frank', 'M', 'frank@mail.com', '5556789012', '357 Cedar St', 33),
(10000007, 'Grace', 'F', 'grace@mail.com', '5557890123', '468 Spruce St', 29),
(10000008, 'Hank', 'M', 'hank@mail.com', '5558901234', '579 Birch St', 31),
(10000009, 'Ivy', 'F', 'ivy@mail.com', '5559012345', '680 Chestnut St', 24),
(10000010, 'Jack', 'M', 'jack@mail.com', '5550123456', '791 Walnut St', 27);

INSERT INTO Student VALUES 
(10000001, '2022-08-15', '2026-05-20'),
(10000002, '2021-08-15', '2025-05-20'),
(10000003, '2023-01-10', '2027-12-15'),
(10000004, '2020-08-15', '2024-05-20'),
(10000005, '2022-01-10', '2026-12-15');

INSERT INTO Faculty VALUES 
(10000001, '2018-08-15', 'Physics'),
(10000002, '2019-08-15', 'Math'),
(10000003, '2020-08-15', 'Chemistry'),
(10000004, '2021-08-15', 'Biology'),
(10000005, '2022-08-15', 'History');

INSERT INTO Librarian VALUES 
(20000001, 'Sam', 'sam@libmail.com', '5556789012', '321 Library St', '2019-09-01', 45000.00),
(20000002, 'Tina', 'tina@libmail.com', '5557890123', '654 Book St', '2020-06-15', 47000.00),
(20000003, 'Rob', 'rob@libmail.com', '5558901234', '987 Reading St', '2018-01-20', 50000.00),
(20000004, 'Kate', 'kate@libmail.com', '5559012345', '321 Knowledge Ave', '2021-11-30', 43000.00),
(20000005, 'Leo', 'leo@libmail.com', '5550123456', '654 Wisdom Blvd', '2022-03-18', 42000.00);

INSERT INTO Book VALUES 
(30000001, 'Physics 101', 'Science', 2015, 'Smith', 'Pearson'),
(30000002, 'Modern Math', 'Mathematics', 2017, 'Jones', 'McGrawHill'),
(30000003, 'Organic Chem', 'Science', 2018, 'Brown', 'Cengage'),
(30000004, 'World History', 'History', 2020, 'Clark', 'Oxford'),
(30000005, 'Biology Basics', 'Science', 2019, 'Taylor', 'Springer');

INSERT INTO Transaction VALUES 
(40000001, 150.00, 'Fine', '2025-04-01', 'Paid', '2025-04-10', 20000001, 10000001),
(40000002, 75.00, 'Borrow', '2025-03-20', 'Pending', '2025-04-20', 20000002, 10000002),
(40000003, 100.00, 'Fine', '2025-02-15', 'Paid', '2025-02-25', 20000003, 10000003),
(40000004, 50.00, 'Borrow', '2025-04-05', 'Pending', '2025-05-05', 20000004, 10000004),
(40000005, 120.00, 'Fine', '2025-01-10', 'Paid', '2025-01-20', 20000005, 10000005);

INSERT INTO Reservation VALUES 
(50000001, '2025-04-01', '2025-04-05', 10000001, 30000001),
(50000002, '2025-03-15', '2025-03-20', 10000002, 30000002),
(50000003, '2025-02-10', '2025-02-15', 10000003, 30000003),
(50000004, '2025-04-10', '2025-04-15', 10000004, 30000004),
(50000005, '2025-01-05', '2025-01-10', 10000005, 30000005);

INSERT INTO Fine VALUES 
(60000001, 50.00, 'Paid', '2025-04-10', 10000001, 40000001),
(60000002, 25.00, 'Pending', '2025-04-20', 10000002, 40000002),
(60000003, 40.00, 'Paid', '2025-02-25', 10000003, 40000003),
(60000004, 20.00, 'Pending', '2025-05-05', 10000004, 40000004),
(60000005, 30.00, 'Paid', '2025-01-20', 10000005, 40000005);

